{"weights": [[[-4.405538125514592, -4.605538125514591], [14.727550286479161, 13.627550286479162], [-7.7566995051727785, -7.456699505172778], [-3.8397032310820416, -4.3397032310820425]], [[-4.8355741300698565, 4.144880603358241, -2.7291122785220847, -2.0993479159396227]]], "thresholds": [[-3.005538125514591, 14.627550286479162, -7.956699505172778, -4.739703231082043], [6.2019308640389115]], "networkLayers": [{"neurons": 4, "activationFunction": "TH"}, {"neurons": 1, "activationFunction": "SENO"}]}