{"weights": [[[-0.21762, 0.38238], [1.83477, 0.53477], [0.07272, 0.37272], [-1.46864, -1.16864]], [[0.15012, 2.131, 0.09141, -1.96113]]], "thresholds": [[-0.01762, 0.43477, 0.37272, -0.86864], [2.73943]], "bpType": 1, "networkLayers": [{"neurons": 4, "activationFunction": "TH"}, {"neurons": 1, "activationFunction": "TH"}]}