{"weights": [[[10.18036270124779, 8.98036270124779], [11.747218375540296, 11.647218375540296], [4.054003036701139, 5.554003036701139], [11.876565556035683, 10.476565556035682], [2.21076360029168, 1.9107636002916797], [8.776446401705714, 9.376446401705714]], [[-9.662235066853816, -11.345085444756952, -6.412317456993255, -10.586448661521445, -3.0437740866841394, -9.34818654543144]]], "thresholds": [[10.18036270124779, 10.747218375540296, 5.254003036701138, 11.676565556035683, 3.21076360029168, 9.676446401705714], [-12.933058017353801]], "bpType": -1, "networkLayers": [{"neurons": 6, "activationFunction": "SG"}, {"neurons": 1, "activationFunction": "SENO"}]}