{"weights": [[[-0.3601031766041748, 0.6398968233958251], [-0.7107217818147238, 0.6892782181852761]], [[0.19178687644405626, -0.48693575264100863], [0.9807806065120628, 0.4305714274119851], [0.0, 0.5]], [[-0.10471955928403476, -0.41014693582497996, -0.022022389167977528]]], "thresholds": [[-0.06010317660417482, 0.6892782181852761], [0.37838361366433554, 0.6494158547667598, -0.2], [-0.6837331750824467]], "bpType": 1, "networkLayers": [{"neurons": 2, "activationFunction": "TH"}, {"neurons": 3, "activationFunction": "TH"}, {"neurons": 1, "activationFunction": "TH"}]}