{"weights": [[[-0.5709897753202118, 0.32901022467978824], [-0.5826685205383015, -0.8826685205383016], [0.2603718797825904, 0.06037187978259041], [-0.3947243877689328, -0.1947243877689328]], [[0.4776765842299646, -1.545092616054423, 0.20273299964822208, -0.85130120985564]]], "thresholds": [[-0.6709897753202118, 0.21733147946169842, 0.5603718797825904, 0.005275612231067206], [0.8346850005402355]], "bpType": 1, "networkLayers": [{"neurons": 4, "activationFunction": "TH"}, {"neurons": 1, "activationFunction": "TH"}]}