{"weights": [[[-10.48346848769033, -11.683468487690329], [-12.536208882163457, -11.936208882163458]], [[3.841338134175931, 4.779871663215237], [-3.7246232718972827, -3.275384818819446], [1.6190191141296315, 2.6062656080063236]], [[-4.011513180426433, 4.507519129487714, -1.007250698831533]]], "thresholds": [[-11.083468487690329, -11.936208882163458], [-4.878986642753837, 2.6975247214523943, -3.290949856187157], [7.896705584670246]], "bpType": 1, "networkLayers": [{"neurons": 2, "activationFunction": "TH"}, {"neurons": 3, "activationFunction": "TH"}, {"neurons": 1, "activationFunction": "SENO"}]}